{
  "vocab_size": 358,
  "embed_dim": 16,
  "num_train_transitions": 6631,
  "num_test_transitions": 1423,
  "loss_history": [
    5.582985850479009,
    5.039867013267492,
    4.659116497299119,
    4.4452333051912,
    4.313664233097271,
    4.193571998151345,
    4.071219127535906,
    3.9654147367277157,
    3.879031761888665,
    3.8124549223326505,
    3.7535603268967046,
    3.7018249506415066,
    3.6592601016605277,
    3.621969352878867,
    3.5907445326219145,
    3.5577815076014474,
    3.530198607825955,
    3.5037173749907446,
    3.480693760099526,
    3.4581153789183765,
    3.4381514726752913,
    3.4151952429136574,
    3.3927331417816187,
    3.3698835990234874,
    3.3490421552226124,
    3.327139637985528,
    3.305826372941801,
    3.285714882045549,
    3.2645353436193565,
    3.2436923369141817,
    3.22557043637139,
    3.2016651580370565,
    3.186153839456977,
    3.1673977257730055,
    3.1461304109885386,
    3.1317803697890914,
    3.1135186065892317,
    3.0952151478844345,
    3.0824804093553455,
    3.065323159097039,
    3.047870429767857,
    3.0334134582086443,
    3.01903006610553,
    3.0047062070638813,
    2.9932707343619778,
    2.9783739926207273,
    2.965719365209611,
    2.9553978207491345,
    2.9435576923762103,
    2.9341390415089865,
    2.9222570344779566,
    2.912811148185831,
    2.9011130927054274,
    2.8953197558833113,
    2.88571740107463,
    2.8802908507847937,
    2.866713049363466,
    2.858652140345017,
    2.8519905226001594,
    2.8454844941739017,
    2.8354430807590143,
    2.8267034247139904,
    2.823236611089281,
    2.8111791857254733,
    2.805602922141366,
    2.7987687202844516,
    2.791017861631416,
    2.7835607624185457,
    2.7769681263417407,
    2.7699143888578996,
    2.7641812438214997,
    2.758116235959996,
    2.7502003745246264,
    2.744079713060941,
    2.736995588453995,
    2.72858405521014,
    2.7244972566020937,
    2.7213094172229395,
    2.7123673614999926,
    2.70957790592437,
    2.703843836433804,
    2.6942767702335533,
    2.689789341988922,
    2.6823394709539836,
    2.676933693868157,
    2.673557359197978,
    2.667793179169029,
    2.662460854098591,
    2.6545608512714116,
    2.6502275340971244,
    2.6468145274467667,
    2.64096142113609,
    2.6382064927271687,
    2.6330734089862986,
    2.625902340516752,
    2.6205668173313623,
    2.6170019136908045,
    2.614533839766063,
    2.6105487392463433,
    2.6049336261865355,
    2.6003166845769217,
    2.5979904261450253,
    2.5942638329338306,
    2.589090881006515,
    2.5850821603400886,
    2.5816983753328553,
    2.5782445326987284,
    2.5729545524751947,
    2.5729495820247994,
    2.5673735075385697,
    2.5643512537568607,
    2.5610631370638477,
    2.5565222914045425,
    2.5563767467399803,
    2.5493746750868818,
    2.5511298010855294,
    2.544941384873985,
    2.543318700983912,
    2.5392507477943544,
    2.538266177747815,
    2.534549577541335,
    2.5323110692096145,
    2.530229841733932,
    2.525411545623906,
    2.5247378307311417,
    2.5196764275646824,
    2.519187999969998,
    2.519113461626077,
    2.51556867385492,
    2.511078923004221,
    2.507706619277222,
    2.5099462216255435,
    2.5064557559335277,
    2.5024009605596502,
    2.5005242654870035,
    2.4992773223752867,
    2.49935854672151,
    2.495700642179417,
    2.492371125985241,
    2.4920158652402575,
    2.485800336664359,
    2.482675571721467,
    2.480973092966767,
    2.4840344331302595,
    2.477255904054241,
    2.473524036282733,
    2.4764154691143423,
    2.4720070616235694,
    2.467041027910842,
    2.4682151895542686
  ],
  "overall_accuracy": 0.3387210119465917,
  "seen_accuracy": 0.3519061583577713,
  "unseen_current_state_count": 59,
  "baseline_accuracy": 0.12087139845397049
}