{
  "verbs": {
    "grasp": {
      "accuracy": 0.7485448195576252,
      "f1": 0.4024896265560166,
      "baseline_accuracy": 0.7852153667054714,
      "train_prevalence": 0.2505629062652588,
      "test_prevalence": 0.214784637093544
    },
    "retract": {
      "accuracy": 0.740395809080326,
      "f1": 0.7439724454649829,
      "baseline_accuracy": 0.4767171129220023,
      "train_prevalence": 0.5118913650512695,
      "test_prevalence": 0.47671711444854736
    },
    "dissect": {
      "accuracy": 0.7703725261932479,
      "f1": 0.662964545066211,
      "baseline_accuracy": 0.6280558789289872,
      "train_prevalence": 0.46383339166641235,
      "test_prevalence": 0.3719441294670105
    },
    "coagulate": {
      "accuracy": 0.9508149010477299,
      "f1": 0.023121387283236997,
      "baseline_accuracy": 0.9508149010477299,
      "train_prevalence": 0.056783001869916916,
      "test_prevalence": 0.049185097217559814
    },
    "clip": {
      "accuracy": 0.9569266589057043,
      "f1": 0.11904761904761905,
      "baseline_accuracy": 0.9560535506402794,
      "train_prevalence": 0.028989586979150772,
      "test_prevalence": 0.04394644871354103
    },
    "cut": {
      "accuracy": 0.9735157159487776,
      "f1": 0.0,
      "baseline_accuracy": 0.9813736903376019,
      "train_prevalence": 0.028285956010222435,
      "test_prevalence": 0.01862630993127823
    },
    "aspirate": {
      "accuracy": 0.9656577415599534,
      "f1": 0.16901408450704225,
      "baseline_accuracy": 0.9740977881257276,
      "train_prevalence": 0.03588516637682915,
      "test_prevalence": 0.025902211666107178
    },
    "irrigate": {
      "accuracy": 0.9979627473806753,
      "f1": 0.0,
      "baseline_accuracy": 0.9979627473806753,
      "train_prevalence": 0.005277230404317379,
      "test_prevalence": 0.0020372525323182344
    },
    "pack": {
      "accuracy": 0.9982537834691502,
      "f1": 0.25,
      "baseline_accuracy": 0.9985448195576252,
      "train_prevalence": 0.005277230404317379,
      "test_prevalence": 0.0014551804633811116
    },
    "null_verb": {
      "accuracy": 0.8745634458672875,
      "f1": 0.044345898004434586,
      "baseline_accuracy": 0.8827124563445867,
      "train_prevalence": 0.12341683357954025,
      "test_prevalence": 0.1172875463962555
    }
  },
  "macro_accuracy": 0.8977008149010478,
  "macro_f1": 0.24149556059295435,
  "macro_baseline_accuracy": 0.8631548311990688,
  "instrument_test_accuracy": 0.895663562281723,
  "instrument_loss_history": [
    0.25627711820468474,
    0.20068164281965642,
    0.18342080980204464,
    0.17258819087167804,
    0.16577971828787513,
    0.16143377724658237,
    0.1568102694294426,
    0.1538968364341875,
    0.1507148602203037,
    0.14856746387615632
  ],
  "verb_loss_history": [
    0.24313979189047652,
    0.19531310994303627,
    0.18076153415977286,
    0.1730451019459896,
    0.1671219246943345,
    0.1625247418713034,
    0.15906190564123432,
    0.15698535361986482,
    0.1543007446725047,
    0.1529537794127893
  ],
  "train_video_ids": [
    "VID01",
    "VID02",
    "VID04",
    "VID06",
    "VID08",
    "VID10",
    "VID13",
    "VID14"
  ],
  "test_video_ids": [
    "VID05",
    "VID12"
  ],
  "num_train_frames": 14212,
  "num_test_frames": 3436
}