{
  "instruments": {
    "grasper": {
      "accuracy": 0.7991850989522701,
      "f1": 0.8591261739485504,
      "baseline_accuracy": 0.6606519208381839,
      "day21_f1": 0.86,
      "precision": 0.8006088280060882,
      "recall": 0.9268722466960353,
      "test_prevalence": 0.6606519222259521
    },
    "bipolar": {
      "accuracy": 0.869615832363213,
      "f1": 0.1824817518248175,
      "baseline_accuracy": 0.9423748544819558,
      "day21_f1": 0.106,
      "precision": 0.14285714285714285,
      "recall": 0.25252525252525254,
      "test_prevalence": 0.057625144720077515
    },
    "hook": {
      "accuracy": 0.7881257275902211,
      "f1": 0.7352727272727272,
      "baseline_accuracy": 0.43742724097788127,
      "day21_f1": 0.677,
      "precision": 0.8107457898957497,
      "recall": 0.6726546906187625,
      "test_prevalence": 0.43742725253105164
    },
    "scissors": {
      "accuracy": 0.6094295692665891,
      "f1": 0.04957507082152975,
      "baseline_accuracy": 0.9813736903376019,
      "day21_f1": 0.054,
      "precision": 0.02596439169139466,
      "recall": 0.546875,
      "test_prevalence": 0.01862630993127823
    },
    "clipper": {
      "accuracy": 0.8655413271245634,
      "f1": 0.29141104294478526,
      "baseline_accuracy": 0.9560535506402794,
      "day21_f1": 0.012,
      "precision": 0.18962075848303392,
      "recall": 0.6291390728476821,
      "test_prevalence": 0.04394644871354103
    },
    "irrigator": {
      "accuracy": 0.7817229336437719,
      "f1": 0.14772727272727273,
      "baseline_accuracy": 0.9691501746216531,
      "day21_f1": 0.1,
      "precision": 0.08397932816537468,
      "recall": 0.6132075471698113,
      "test_prevalence": 0.030849825590848923
    }
  },
  "macro_accuracy": 0.7856034148234382,
  "macro_f1": 0.3775990065899472,
  "macro_baseline_accuracy": 0.8245052386495925,
  "loss_history": [
    0.7582324689693665,
    0.5742227593164766,
    0.5068330654267514,
    0.4702267051077961,
    0.4423808997936463,
    0.42636149368259346,
    0.40712581069281933,
    0.3948026071773486,
    0.38483727343296736,
    0.3744673587632983
  ],
  "pos_weight": [
    0.4113207459449768,
    14.26530647277832,
    0.890144944190979,
    30.723215103149414,
    31.153846740722656,
    16.854270935058594
  ],
  "train_video_ids": [
    "VID01",
    "VID02",
    "VID04",
    "VID06",
    "VID08",
    "VID10",
    "VID13",
    "VID14"
  ],
  "test_video_ids": [
    "VID05",
    "VID12"
  ],
  "num_train_frames": 14212,
  "num_test_frames": 3436
}