{
  "num_phases": 7,
  "num_train_examples": 6631,
  "num_test_examples": 1423,
  "probe_loss_history": [
    2.20837310687545,
    1.5217942248437852,
    1.369814825202294,
    1.2845901821306762,
    1.2311137003240331,
    1.193742093986392,
    1.1656779633776533,
    1.143590444065204,
    1.1256289683546112,
    1.1106483434854506,
    1.0978990207720056,
    1.0868647408443401,
    1.0771794739641023,
    1.0685760575038838,
    1.0608554269663912,
    1.0538662431214247,
    1.0474914853161421,
    1.041639196868847,
    1.0362360565669901,
    1.031222801585877,
    1.0265509333872516,
    1.0221803072853057,
    1.018077346873463,
    1.01421370288401,
    1.010565233376798,
    1.0071112185837379,
    1.003833749391289,
    1.0007172457440066,
    0.9977480734146629,
    0.9949142360664089,
    0.9922051255678414,
    0.9896113178350936,
    0.9871244045996165,
    0.9847368537824215,
    0.9824418928409219,
    0.9802334107107455,
    0.9781058749106336,
    0.9760542610970803,
    0.9740739929062895,
    0.9721608903471051,
    0.9703111253408361,
    0.9685211832650875,
    0.966787829565551,
    0.9651080806647151,
    0.9634791785289492,
    0.9618985683624882,
    0.9603638789839039,
    0.9588729055118064,
    0.9574235940450081,
    0.9560140280706797,
    0.9546424163740974,
    0.9533070822569742,
    0.9520064538992952,
    0.9507390557230352,
    0.9495035006359138,
    0.9482984830500482,
    0.9471227725845559,
    0.945975208373227,
    0.9448546939086752,
    0.9437601923631961,
    0.9426907223341215,
    0.9416453539679521,
    0.9406232054231648,
    0.9396234396364341,
    0.9386452613611962,
    0.9376879144511318,
    0.9367506793643128,
    0.9358328708665095,
    0.9349338359145749,
    0.9340529517029283,
    0.9331896238580083,
    0.9323432847671909,
    0.9315133920300986,
    0.9306994270214829,
    0.9299008935559749,
    0.9291173166459834,
    0.9283482413448922,
    0.9275932316684761,
    0.9268518695881472,
    0.9261237540902529,
    0.9254085002961916,
    0.9247057386385971,
    0.9240151140892842,
    0.9233362854350304,
    0.9226689245976223,
    0.9220127159949081,
    0.921367355939882,
    0.920732552075077,
    0.9201080228397771,
    0.919493496967759,
    0.9188887130134735,
    0.9182934189047328,
    0.917707371520133,
    0.9171303362895777,
    0.9165620868163957,
    0.9160024045196625,
    0.9154510782954387,
    0.9149079041957363,
    0.9143726851241127,
    0.9138452305468673,
    0.9133253562188988,
    0.9128128839233368,
    0.9123076412241338,
    0.9118094612308545,
    0.9113181823749518,
    0.9108336481968717,
    0.9103557071433683,
    0.9098842123744515,
    0.9094190215794341,
    0.9089599968015712,
    0.9085070042708226,
    0.9080599142442971,
    0.9076186008539673,
    0.9071829419612644,
    0.9067528190181935,
    0.9063281169346238,
    0.9059087239514372,
    0.9054945315192309,
    0.905085434182292,
    0.9046813294675773,
    0.904282117778446,
    0.9038877022929096,
    0.9034979888661742,
    0.9031128859372674,
    0.902732304439548,
    0.9023561577149133,
    0.9019843614315243,
    0.9016168335048858,
    0.9012534940221153,
    0.9008942651692605,
    0.9005390711615154,
    0.9001878381762055,
    0.8998404942884125,
    0.8994969694091212,
    0.8991571952257689,
    0.898821105145096,
    0.8984886342381889,
    0.8981597191876202,
    0.897834298236596,
    0.8975123111400171,
    0.8971936991173749,
    0.896878404807402,
    0.8965663722243988,
    0.8962575467161686,
    0.8959518749234912,
    0.8956493047410675,
    0.8953497852798791,
    0.8950532668308963,
    0.8947597008300856,
    0.8944690398246585,
    0.8941812374405133,
    0.8938962483508174,
    0.8936140282456911,
    0.8933345338029394,
    0.8930577226597964,
    0.8927835533856409,
    0.8925119854556401,
    0.8922429792252926,
    0.8919764959058278,
    0.8917124975404327,
    0.8914509469812735,
    0.8911918078672795,
    0.8909350446026623,
    0.8906806223361403,
    0.8904285069408437,
    0.8901786649948713,
    0.8899310637624781,
    0.889685671175868,
    0.8894424558175689,
    0.8892013869033695,
    0.8889624342657968,
    0.8887255683381161,
    0.8884907601388294,
    0.888257981256661,
    0.8880272038360066,
    0.8877984005628345,
    0.8875715446510177,
    0.887346609829085,
    0.8871235703273757,
    0.8869024008655829,
    0.8866830766406713,
    0.8864655733151576,
    0.886249867005742,
    0.8860359342722745,
    0.8858237521070484,
    0.8856132979244099,
    0.8854045495506686,
    0.8851974852143042,
    0.8849920835364554,
    0.8847883235216848,
    0.8845861845490047,
    0.8843856463631655,
    0.8841866890661848,
    0.883989293109121,
    0.883793439284076,
    0.8835991087164229,
    0.8834062828572488,
    0.8832149434760099,
    0.8830250726533874,
    0.8828366527743391
  ],
  "probe_accuracy": 0.6844694307800422,
  "baseline_accuracy": 0.2916373858046381
}