{
  "vocab_size": 358,
  "embed_dim": 16,
  "hidden_dim": 32,
  "num_test_transitions": 1423,
  "loss_history": [
    4.719282099075338,
    3.9164499600155995,
    3.697221957031764,
    3.553365204584444,
    3.4203179485741333,
    3.3155399037698032,
    3.232321857737623,
    3.1788128915909435,
    3.123977172025835,
    3.0607619721207824,
    3.0184652501140294,
    2.969113495599411,
    2.9485404311853407,
    2.901041786054258,
    2.861755964138613,
    2.828168602035521,
    2.8069637137138894,
    2.772736941989132,
    2.7457004505792386,
    2.7234954457540965,
    2.698269502293433,
    2.6696069506769025,
    2.6487848771264777,
    2.6290031130923843,
    2.612061940843152,
    2.5955875744640737,
    2.571890553109041,
    2.553860814643389,
    2.5421097610691374,
    2.527613067802759,
    2.5080617395716764,
    2.493374301699733,
    2.4886510296321753,
    2.4663937625945778,
    2.4558642877587324,
    2.4401041138476747,
    2.4272466207293757,
    2.4162076940086794,
    2.405115219077923,
    2.391673682676211
  ],
  "rnn_accuracy": 0.40477863668306396,
  "baseline_accuracy": 0.12087139845397049
}