{
  "instruments": {
    "grasper": {
      "accuracy": 0.8713620488940629,
      "f1": 0.9060374149659863,
      "precision": 0.8755135579293344,
      "recall": 0.9387665198237886,
      "day21_f1": 0.86,
      "day26_f1": 0.859
    },
    "bipolar": {
      "accuracy": 0.9409196740395809,
      "f1": 0.43137254901960786,
      "precision": 0.48427672955974843,
      "recall": 0.3888888888888889,
      "day21_f1": 0.106,
      "day26_f1": 0.182
    },
    "hook": {
      "accuracy": 0.9161816065192084,
      "f1": 0.9074550128534704,
      "precision": 0.877563704164077,
      "recall": 0.9394544244843646,
      "day21_f1": 0.677,
      "day26_f1": 0.735
    },
    "scissors": {
      "accuracy": 0.9586728754365541,
      "f1": 0.10126582278481013,
      "precision": 0.0851063829787234,
      "recall": 0.125,
      "day21_f1": 0.054,
      "day26_f1": 0.05
    },
    "clipper": {
      "accuracy": 0.9543073341094296,
      "f1": 0.4919093851132686,
      "precision": 0.4810126582278481,
      "recall": 0.5033112582781457,
      "day21_f1": 0.012,
      "day26_f1": 0.291
    },
    "irrigator": {
      "accuracy": 0.9490686845168801,
      "f1": 0.2358078602620087,
      "precision": 0.21951219512195122,
      "recall": 0.25471698113207547,
      "day21_f1": 0.1,
      "day26_f1": 0.148
    }
  },
  "macro_accuracy": 0.9317520372526195,
  "macro_f1": 0.5123080074998586,
  "loss_history": [
    0.3470719507712079,
    0.11384873018632523,
    0.06806336555219307,
    0.04914526575788671,
    0.044343820570222195,
    0.036898357248802215,
    0.0315970237735089,
    0.02823865708879772
  ],
  "pos_weight": [
    0.4113207459449768,
    14.26530647277832,
    0.890144944190979,
    30.723215103149414,
    31.153846740722656,
    16.854270935058594
  ],
  "train_video_ids": [
    "VID01",
    "VID02",
    "VID04",
    "VID06",
    "VID08",
    "VID10",
    "VID13",
    "VID14"
  ],
  "test_video_ids": [
    "VID05",
    "VID12"
  ],
  "num_train_frames": 14212,
  "num_test_frames": 3436
}