{
  "vocab_size": 358,
  "embed_dim": 32,
  "num_heads": 4,
  "ff_dim": 64,
  "num_test_transitions": 1423,
  "loss_history": [
    4.529722067408834,
    3.962465941902437,
    3.8218932220766226,
    3.727214104920686,
    3.6417733477238854,
    3.5623829028870353,
    3.494384168368742,
    3.421963798742771,
    3.3370713998607635,
    3.256355922690998,
    3.2066510970021875,
    3.1430371647357793,
    3.0881669372328187,
    3.0534686582147113,
    3.003690469753727,
    2.9579644877846847,
    2.9124380446010503,
    2.8737413798622207,
    2.831970981251681,
    2.784936523300976,
    2.741533091148058,
    2.720317099268486,
    2.6749459868772827,
    2.6380883729279176,
    2.6025793186099024,
    2.5957672749036815,
    2.5492582967236332,
    2.515372346640898,
    2.498866028092986,
    2.4593646921156034,
    2.4257628188232148,
    2.4283182669594523,
    2.417517691079512,
    2.3870918584234984,
    2.3636095960106696,
    2.3421451637308985,
    2.312352125100296,
    2.2955998864949736,
    2.2786708387531687,
    2.2829089189019074
  ],
  "transformer_accuracy": 0.35347856640899505,
  "baseline_accuracy": 0.12087139845397049
}