{
  "instruments": {
    "grasper": {
      "accuracy": 0.6887608069164265,
      "f1": 0.7985074626865671,
      "baseline_accuracy": 0.8270893371757925,
      "test_prevalence": 0.8270893096923828
    },
    "bipolar": {
      "accuracy": 0.9855907780979827,
      "f1": 0.0,
      "baseline_accuracy": 1.0,
      "test_prevalence": 0.0
    },
    "hook": {
      "accuracy": 0.27089337175792505,
      "f1": 0.27089337175792505,
      "baseline_accuracy": 0.13544668587896252,
      "test_prevalence": 0.1354466825723648
    },
    "scissors": {
      "accuracy": 1.0,
      "f1": 0.0,
      "baseline_accuracy": 1.0,
      "test_prevalence": 0.0
    },
    "clipper": {
      "accuracy": 1.0,
      "f1": 0.0,
      "baseline_accuracy": 1.0,
      "test_prevalence": 0.0
    },
    "irrigator": {
      "accuracy": 0.899135446685879,
      "f1": 0.0,
      "baseline_accuracy": 0.9048991354466859,
      "test_prevalence": 0.09510086476802826
    }
  },
  "macro_accuracy": 0.8073967339097021,
  "macro_f1": 0.17823347240741536,
  "macro_baseline_accuracy": 0.8112391930835735,
  "loss_history": [
    0.37415333972735837,
    0.26777282323349605,
    0.23274678161198442,
    0.20261108367280525,
    0.18388770215890624,
    0.1688358819281513,
    0.15959443761543793,
    0.1519448853690516,
    0.1450515602799979,
    0.13850432295690884,
    0.13017403266646646,
    0.12294291992756454,
    0.12030475518920204,
    0.11778949184173887,
    0.11357090520587834
  ],
  "num_train_frames": 1387,
  "num_test_frames": 347
}