{
  "vocab_size": 358,
  "embed_dim": 16,
  "key_dim": 16,
  "value_dim": 16,
  "use_positional_encoding": true,
  "num_test_transitions": 1423,
  "loss_history": [
    4.655518014783348,
    4.043593220282186,
    3.897565826325754,
    3.8133412915322387,
    3.7400166537184867,
    3.692556636789815,
    3.6600265642826697,
    3.6227998838479563,
    3.5831029841660134,
    3.5313205484382686,
    3.4856163188879954,
    3.431819472303688,
    3.3776485554009286,
    3.326376981590289,
    3.2653359751507196,
    3.2190966858323984,
    3.1883650023504515,
    3.1386219474240526,
    3.1059451149101136,
    3.074919507574016,
    3.0368594480580313,
    3.0107843999024233,
    2.987344649338538,
    2.95644094731309,
    2.9339394833131354,
    2.922053855597816,
    2.8874772148630017,
    2.8684669973524572,
    2.8575923655678825,
    2.8381954889336405,
    2.8140666090309114,
    2.8006647040864396,
    2.785792994482305,
    2.7686884172388386,
    2.7530712702543125,
    2.740022984713336,
    2.7241573760304543,
    2.7101557660870172,
    2.701951116824705,
    2.6846835644967215
  ],
  "attention_accuracy": 0.3309908643710471,
  "baseline_accuracy": 0.12087139845397049
}