{
  "window_sizes": [
    1,
    2,
    3,
    5,
    10
  ],
  "results": {
    "markov": {
      "1": 0.34504567814476456,
      "2": 0.3821656050955414,
      "3": 0.300784034212402,
      "5": 0.12364425162689804,
      "10": 0.005251312828207052
    },
    "rnn": {
      "1": 0.33661278988053406,
      "2": 0.35347856640899505,
      "3": 0.31763879128601546,
      "5": 0.31271960646521435,
      "10": 0.3478566408995081
    },
    "attention": {
      "1": 0.33169360505973294,
      "2": 0.2839072382290935,
      "3": 0.3387210119465917,
      "5": 0.32677442023893183,
      "10": 0.3288826423049895
    }
  },
  "full_history_reference": {
    "rnn": 0.405,
    "attention": 0.331
  }
}